Enzyme,RMSD,Best_model,Confidence,H11,H13,E17,W19,H51
PyrN_ref,0.0,0,0.9737701416015625,H,H,E,W,H
Afn9,1.841,0,0.974,D,H,E,A,H
Apy9,1.054,0,0.966,H,H,E,F,H
Aza12,1.647,0,0.961,H,H,E,F,H
DobE,1.576,0,0.975,H,H,E,F,H
NngM,4.032,0,0.979,H,H,E,F,H
Spb40,1.727,0,0.971,D,H,E,F,H
ThzN,1.619,0,0.963,H,H,E,W,H
Tri28,1.587,0,0.974,H,H,E,F,H
Bac1,1.581,0,0.972,H,H,E,F,H
Col1,4.225,0,0.964,H,H,E,F,H
Cor1,0.903,0,0.979,H,H,E,F,H
Dpn5,0.566,0,0.98,H,H,E,F,H
ForJ,0.519,0,0.975,H,H,E,W,H
Kit1,1.613,0,0.967,H,H,E,F,H
Por11,1.136,0,0.974,H,H,E,F,H
Ral1,1.74,0,0.975,E,H,E,W,H
