Enzyme,RMSD,Best_model,Confidence,S138,F139,P140,T141,V179,Q182,A384,L387,R390,N421,R425,N143,E284,E286,D420,L424
PyrN_crystal,0.0,xtal,1.0,S,F,P,T,V,Q,A,L,R,N,R,N,E,E,D,L
Afn8,4.002,0,0.954,P,P,P,T,D,Q,L,L,I,N,Y,N,T,E,D,Y
Aza12,2.758,0,0.936,T,P,P,T,D,Q,W,M,G,N,H,N,I,E,D,Y
DobE,3.703,0,0.928,T,P,P,T,D,Q,M,G,H,N,H,N,I,E,D,Y
Kit2,7.898,0,0.939,P,A,P,T,Q,S,I,T,G,N,F,N,L,E,D,P
NngM,3.236,0,0.944,T,P,P,T,D,Q,Y,L,G,N,H,N,I,E,D,Y
PyrN,1.038,0,0.935,S,F,P,T,V,Q,A,L,R,N,R,N,E,E,D,L
Spb40,4.806,0,0.938,T,P,P,T,D,Q,M,G,H,N,H,N,I,E,D,Y
ThzN,4.843,0,0.952,S,A,P,T,D,Q,A,I,G,G,H,N,V,E,D,F
Tri28,2.734,0,0.939,T,P,P,T,D,Q,W,M,G,N,H,N,I,E,D,Y
Apy9,4.357,0,0.951,-,-,P,T,D,Q,-,L,W,N,Y,N,I,E,D,Y
Bac2,11.755,0,0.921,-,-,P,T,D,Q,G,S,M,C,H,N,Y,E,D,S
Col2,8.698,0,0.907,P,P,P,T,D,Q,Q,N,P,N,Y,N,C,A,D,F
Cor2,9.458,0,0.935,P,P,P,T,D,Q,A,Y,H,N,Y,N,I,E,D,F
Dpn6,3.648,0,0.962,A,P,P,T,D,Q,Y,E,E,N,H,N,S,E,D,F
ForJ,1.746,0,0.949,S,F,P,T,V,Q,A,L,R,N,R,N,E,E,D,L
Por11,5.635,0,0.925,-,-,P,T,D,Q,W,M,G,N,H,N,A,E,D,Y
Ral2,10.221,0,0.924,V,M,P,T,D,E,A,E,R,N,P,N,H,E,D,V
